Country,Average monthly net salary,Mortage interest rate (%),Meal,McMeal,Softdrink,Milk,Whitebread,Rice,Eggs,Chickenfillet,Beefrounds,Apples,Potatoes,Lettuce,Taxi,Gasoline,Livingbills,Internet,Gymmembership,Annualtuition,rent_in,rent_out,Apt Center,Apt Outside,out_monthly_approx_spend,in_monthly_approx_spend
Afghanistan,195.86,13.88,1.69,3.11,0.23,0.6,0.23,1.23,1.2,2.53,5.39,0.73,0.3,0.23,0.56,0.89,31.99,715.63,13.56,1491.53,108.92,64.97,694.92,355.93,978.8447333333334,1022.7947333333333
Albania,400.41857142857145,4.898571428571429,4.3757142857142854,4.0,1.1542857142857144,1.1842857142857142,0.6057142857142858,1.2385714285714287,2.0628571428571427,4.72,8.094285714285714,0.8842857142857143,0.61,0.62,1.9728571428571429,1.75,85.93285714285715,15.987142857142857,27.557142857142857,2146.792857142857,229.71428571428572,136.46857142857144,1032.2585714285715,562.7514285714286,552.6530285714286,645.8987428571428
Algeria,249.163,5.965,1.989,3.434,0.46399999999999997,0.7190000000000001,0.166,0.9890000000000001,1.326,3.8590000000000004,11.025,2.018,0.545,0.504,0.506,0.28300000000000003,40.049,33.0,14.928999999999998,1376.5610000000001,164.381,98.519,960.028,563.453,439.23134666666664,505.09334666666666
Andorra,2509.67,2.5,14.23,8.43,1.92,0.95,1.05,2.11,2.53,10.54,8.43,1.84,1.05,1.05,1.22,1.39,76.19,40.39,46.89,8640.71,784.48,645.42,4425.73,3371.98,1167.9356666666665,1306.9956666666667
Angola,1428.77,25.0,7.84,10.51,1.95,2.49,2.58,1.54,3.68,8.61,16.6,4.5,2.5,1.18,1.67,0.33,30.78,192.23,40.05,2705.62,220.39,80.85,5421.61,3448.79,869.1124,1008.6524
Argentina,408.46500000000003,44.867000000000004,6.136,5.6659999999999995,1.0859999999999999,0.759,1.092,0.9400000000000001,1.431,3.9450000000000003,6.662999999999999,1.581,0.712,0.99,0.826,0.942,51.428999999999995,21.479,21.026,3921.653,243.79899999999998,180.365,2394.101,1728.409,478.02835999999996,541.46236
Armenia,417.365,12.2,6.3149999999999995,6.005000000000001,0.83,1.1749999999999998,0.5,2.06,2.0,5.699999999999999,9.09,1.2,0.665,0.59,0.25,1.215,94.01,17.6,48.735,6898.92,627.415,428.635,1385.93,686.345,803.9816666666666,1002.7616666666667
Aruba,1509.46,7.12,12.0,8.5,1.69,1.87,2.54,2.48,3.6,10.07,13.32,5.24,2.16,2.87,2.77,1.25,190.43,68.0,71.64,10737.4,770.54,630.32,3198.84,47896.3,1425.0078666666668,1565.2278666666666
Australia,3711.7621052631575,3.555789473684211,14.527894736842104,8.981052631578947,2.4121052631578945,1.1810526315789474,2.008421052631579,1.7926315789473686,3.4247368421052626,7.613684210526316,15.231052631578947,3.082105263157895,2.115789473684211,2.3273684210526313,1.3942105263157893,1.3505263157894738,155.22526315789472,51.94736842105263,46.35631578947368,12601.505789473684,1113.1236842105263,865.1131578947369,5291.232631578947,3867.9210526315787,1502.0010596491227,1750.0115859649125
Austria,2296.81625,1.99875,14.6875,9.19125,3.04125,1.3125,1.98625,1.87625,3.31625,10.9575,14.8925,2.47125,1.665,1.34375,1.8875000000000002,1.93125,244.5225,35.555,40.7025,10072.5525,823.1225,668.0875,6387.74625,4756.12,1386.6000250000002,1541.635025
Azerbaijan,255.8425,8.8625,5.5125,5.407500000000001,0.46499999999999997,1.1325,0.38249999999999995,1.295,1.205,3.1125,6.5075,0.84,0.5549999999999999,0.485,0.39,0.5974999999999999,45.68,13.9875,27.59,4512.025000000001,168.70250000000001,111.6,857.7075,416.355,366.15451666666667,423.2570166666667
Bahamas,1817.33,6.75,25.0,8.0,2.36,4.62,5.01,4.49,4.97,7.38,13.6,5.15,5.42,2.97,2.86,1.65,261.63,92.61,103.5,11767.5,1050.0,950.0,1904.86,1348.55,1846.0258,1946.0258
Bahrain,2080.33,5.94,5.3,6.63,0.73,1.63,1.36,1.53,2.42,6.84,7.96,1.99,0.75,1.91,2.65,0.51,169.42,47.66,86.94,8587.28,967.04,759.74,1545.05,1293.07,1376.3441333333333,1583.6441333333332
Bangladesh,258.7675,9.0725,1.7175,4.88,0.3275,0.7275,0.505,0.64,1.145,2.4425,6.2425,1.9224999999999999,0.3125,0.415,0.36,0.93,29.535000000000004,23.1425,11.625,1122.6025,81.145,55.885000000000005,632.105,337.14,274.7514,300.0114
Belarus,459.83666666666664,19.84,9.24,4.553333333333334,0.7133333333333333,0.77,0.5966666666666667,1.36,1.4333333333333333,4.166666666666667,6.63,1.2766666666666666,0.7733333333333333,1.1900000000000002,0.3,0.8966666666666666,58.16,12.406666666666666,29.97,8705.373333333333,289.75,192.8133333333333,1148.7366666666667,816.0633333333334,468.5747333333333,565.5114
Belgium,2275.136923076923,1.6523076923076923,16.173076923076923,9.506923076923076,2.5369230769230766,0.9299999999999999,1.7384615384615385,1.883076923076923,2.563076923076923,9.629999999999999,16.084615384615383,2.223076923076923,1.4238461538461538,1.0961538461538463,2.3607692307692307,1.9384615384615385,179.12538461538463,49.75307692307692,28.446923076923078,13368.108461538463,791.2030769230769,651.6715384615384,3434.1030769230765,2693.6876923076925,1370.9104615384615,1510.442
Bermuda,5973.81,6.5,29.0,15.0,3.0,4.24,6.85,6.68,5.16,20.94,23.71,12.94,8.46,5.86,3.0,2.25,271.65,142.0,168.57,24666.67,3250.0,2050.0,10381.96,5690.98,3466.331,4666.331
Bhutan,366.55,10.33,3.08,3.08,0.47,0.83,0.67,0.77,2.1,3.47,4.54,2.95,0.59,0.58,0.15,1.11,34.04,20.5,71.63,799.64,171.76,85.86,2013.95,123.02,351.63326666666666,437.53326666666663
Bolivia,441.60999999999996,7.126666666666666,3.1333333333333333,6.146666666666667,0.9766666666666666,0.9633333333333333,1.36,1.22,1.4666666666666668,4.126666666666666,6.260000000000001,2.3833333333333333,1.2033333333333334,0.69,1.57,0.54,32.943333333333335,55.01666666666667,41.803333333333335,2799.4266666666667,283.9833333333333,210.41666666666666,1025.5766666666666,773.6333333333333,600.3352444444445,673.9019111111111
Bosnia And Herzegovina,591.7025,3.915,4.63875,4.0,1.345,0.83125,0.74875,1.48875,1.84625,6.36375,8.63375,1.0525,0.6975,0.845,0.6112500000000001,1.43125,143.8075,25.0225,22.44375,3284.80125,185.715,130.21125,1369.39,978.13875,519.3306083333333,574.8343583333333
Botswana,724.69,9.96,11.62,6.0,0.86,1.14,0.74,1.53,2.12,4.38,4.98,1.7,1.2,1.11,2.32,1.02,46.85,47.19,36.87,4414.52,256.35,208.14,1403.74,38723.9,632.2578666666666,680.4678666666666
Brazil,415.9365517241379,9.769655172413794,4.911551724137931,5.905,0.9675862068965517,0.9513793103448276,1.3182758620689654,1.1353448275862068,1.7982758620689654,3.8074137931034486,7.654310344827586,1.4741379310344827,0.9572413793103449,0.6817241379310345,0.8089655172413793,1.2777586206896552,73.005,19.215344827586208,23.098103448275864,5345.268793103449,281.8281034482759,189.07999999999998,1427.095172413793,986.0141379310345,508.416875862069,601.1649793103448
Brunei,1748.71,4.24,2.96,5.03,0.74,1.44,1.65,1.28,2.15,5.29,15.08,3.42,1.63,3.76,2.96,0.39,55.74,80.9,40.64,11912.43,677.17,372.21,1848.73,1183.18,1037.795,1342.755
Bulgaria,720.694,3.298,8.116,6.072,1.0586666666666666,1.1966666666666665,0.7946666666666666,1.8606666666666667,1.948,5.422666666666667,7.944,1.3886666666666665,0.7613333333333333,0.838,0.526,1.5346666666666666,101.23,11.054666666666666,22.34466666666667,3658.1873333333338,256.168,188.77066666666667,1034.7253333333333,720.9813333333333,529.9183733333333,597.3157066666666
Burkina Faso,426.37,8.5,0.8,2.09,0.6,2.11,1.03,0.85,1.93,6.43,4.15,1.98,1.69,0.21,1.04,1.05,96.39,35.82,28.11,14799.5,401.61,166.67,266.02,270.73,520.6974,755.6374000000001
Burundi,312.97,13.0,1.94,3.28,0.44,0.8,0.68,1.29,2.68,7.21,6.64,5.51,0.6,0.81,0.97,1.17,18.43,23.02,14.97,943.64,282.62,95.83,24307.24,7292.17,451.40573333333333,638.1957333333334
Cambodia,334.59,10.083333333333334,3.9,6.176666666666667,1.05,2.07,1.8833333333333335,0.86,1.8,4.793333333333333,9.493333333333334,3.3466666666666662,1.1866666666666668,1.2433333333333334,0.7999999999999999,1.1333333333333335,103.22333333333334,35.083333333333336,55.27,5020.833333333333,440.58666666666664,264.81333333333333,1879.8333333333333,1191.9433333333334,695.2174444444445,870.9907777777777
Cameroon,274.815,8.275,3.41,3.21,0.72,2.1950000000000003,0.6399999999999999,1.17,1.63,5.04,5.08,2.88,1.56,0.655,0.4,1.025,76.4,46.685,30.884999999999998,1781.4099999999999,142.88,91.835,1231.59,339.6,413.81086666666664,464.85586666666666
Canada,3111.2816666666668,5.466944444444445,15.674444444444443,8.824166666666667,1.7619444444444445,1.9522222222222223,2.245833333333333,3.192222222222222,2.966666666666667,10.60527777777778,13.248888888888889,3.3858333333333333,2.198611111111111,2.1325,1.5322222222222222,1.4733333333333334,134.62055555555557,60.74138888888889,42.02527777777778,13557.120277777778,1179.9399999999998,1011.2283333333334,5220.878055555555,3933.309166666667,1682.893212962963,1851.6048796296297
Chile,619.4745454545455,4.908181818181818,7.194545454545454,5.890909090909091,1.28,0.9818181818181819,1.0609090909090908,1.2636363636363637,2.5354545454545456,5.066363636363636,9.433636363636364,1.4545454545454546,0.9254545454545454,0.9263636363636363,1.1527272727272726,1.2018181818181817,109.91090909090909,26.407272727272723,34.70545454545454,4973.929090909091,386.6045454545454,332.1972727272727,1692.0800000000002,1512.1254545454547,755.6879333333334,810.0952060606061
China,913.082380952381,5.148809523809524,3.2838095238095235,5.104761904761905,0.4680952380952381,1.9092857142857143,1.683095238095238,0.9316666666666668,1.7333333333333332,4.095000000000001,12.024047619047618,1.8007142857142857,0.755,0.6304761904761905,0.3354761904761905,1.1888095238095238,50.807380952380946,12.571904761904761,42.65857142857143,16288.915476190476,410.8566666666667,245.8,5733.539761904763,3173.7549999999997,616.8729888888889,781.9296555555554
Colombia,307.3190909090909,11.014545454545454,2.578181818181818,5.102727272727273,0.6181818181818182,0.8127272727272726,0.8418181818181818,0.7209090909090908,1.4945454545454546,3.2072727272727275,4.7,1.6854545454545453,0.67,0.5663636363636364,1.2718181818181817,0.5127272727272727,63.01272727272727,22.544545454545457,17.48909090909091,3281.36,223.62363636363636,168.99727272727273,2208.7645454545454,1888.3390909090908,450.38922424242423,505.01558787878787
Congo,400.0,19.33,12.835,10.84,2.3,2.0,1.33,3.5549999999999997,3.575,5.0,20.0,7.904999999999999,3.6,1.335,1.53,1.1099999999999999,416.995,300.0,73.78,14300.0,1625.395,850.0,11429.08,1301.04,1919.9727333333333,2695.3677333333335
Costa Rica,812.1800000000001,11.865,6.265,7.395,1.385,1.25,1.44,1.1600000000000001,2.375,8.125,10.39,3.74,1.835,0.815,1.075,1.18,55.83,48.95,41.285,5636.87,379.57500000000005,277.385,1336.2,1042.27,774.0342,876.2241999999999
Croatia,886.5366666666666,3.6555555555555554,8.026666666666666,6.044444444444444,2.098888888888889,0.9933333333333333,1.0077777777777779,2.0211111111111113,2.351111111111111,8.595555555555556,10.56111111111111,1.281111111111111,0.7644444444444445,0.9366666666666666,0.7777777777777778,1.5944444444444443,175.92777777777778,25.481111111111108,37.40777777777778,4557.803333333333,404.4777777777778,312.1477777777778,2642.5788888888887,1995.872222222222,810.7815481481481,903.1115481481481
Cuba,35.75,5.73,10.0,7.0,2.28,3.52,1.18,1.85,1.64,6.07,11.59,6.24,1.82,0.86,0.5,1.14,37.14,165.0,16.67,15166.67,532.86,222.5,490.89,268.23,785.0264,1095.3863999999999
Cyprus,1289.4779999999998,2.73,14.12,7.1739999999999995,1.722,1.55,1.6,2.094,2.84,7.188,10.065999999999999,2.1799999999999997,1.026,0.592,1.4220000000000002,1.548,159.888,32.912,53.428,5747.662,776.548,586.934,1963.726,1404.26,1129.5720000000001,1319.1860000000001
Czech Republic,1271.364,4.813999999999999,6.5553333333333335,6.8453333333333335,1.4140000000000001,0.868,1.3900000000000001,2.0153333333333334,1.788,6.81,10.929333333333334,1.3866666666666667,0.7793333333333333,1.1046666666666667,1.2273333333333334,1.9766666666666666,276.3,20.906,43.55866666666667,8116.4473333333335,553.446,448.8786666666667,4017.812,2810.3320000000003,983.4204666666667,1087.9878
Denmark,3174.0825,1.70875,17.67625,11.526250000000001,3.47,1.59375,2.64125,2.3225,4.1825,10.3925,15.2975,2.97875,1.8699999999999999,1.75,1.96,2.10125,194.5075,34.07625,35.31375,5828.05125,980.4375,732.47,4361.9025,3023.9525,1443.0562583333333,1691.0237583333333
Dominican Republic,400.07666666666665,9.823333333333332,6.093333333333334,7.273333333333333,1.0466666666666666,1.2566666666666666,2.1566666666666667,1.33,1.9366666666666668,5.303333333333334,7.206666666666667,2.2600000000000002,1.49,0.7399999999999999,2.6766666666666663,1.21,68.29,59.19,32.75333333333334,3996.2333333333336,515.4833333333333,321.55,1340.9399999999998,853.2933333333334,824.4795333333333,1018.4128666666667
Ecuador,497.705,9.6075,3.1375,6.75,0.925,1.0375,1.6574999999999998,1.425,1.8525,6.3825,5.7924999999999995,1.9525,1.0425,0.6425000000000001,1.85,0.725,61.8975,38.975,38.3625,7127.639999999999,426.46500000000003,303.55,1396.0025,1155.3875,729.7208499999999,852.6358499999999
Egypt,157.56076923076924,12.29,3.4215384615384616,3.5146153846153845,0.25076923076923074,0.6730769230769231,0.39384615384615385,0.5715384615384616,1.1292307692307693,3.1953846153846155,6.6899999999999995,0.9338461538461539,0.31923076923076926,0.20384615384615384,0.23615384615384613,0.3269230769230769,24.98769230769231,14.023846153846154,16.951538461538462,1857.0492307692307,112.14,67.08846153846153,448.8530769230769,265.6392307692308,289.0585846153846,334.11012307692306
El Salvador,380.0,8.34,6.0,6.25,0.64,1.75,1.99,1.32,1.8,3.45,10.01,3.19,2.11,0.92,3.05,0.94,55.52,41.0,31.67,2753.33,633.33,483.33,1068.0,975.0,1004.8548666666666,1154.8548666666666
Estonia,1109.3100000000002,2.276666666666667,8.255,6.656666666666666,1.9349999999999998,0.84,0.8983333333333333,1.7633333333333334,1.785,5.906666666666666,12.93,1.5933333333333335,0.7283333333333334,1.3833333333333335,0.7283333333333334,1.7583333333333335,237.74833333333333,24.99,45.61166666666667,10958.363333333333,390.26,313.4166666666667,2049.775,1464.9083333333335,828.2674777777778,905.1108111111112
Ethiopia,187.39,16.27,5.38,3.6,0.47,0.895,0.69,2.29,2.0149999999999997,7.645,8.615,3.6950000000000003,0.48,0.5599999999999999,0.7,0.76,131.66500000000002,371.19,53.625,19333.335,293.445,156.5,1053.5900000000001,697.0,957.9515333333334,1094.8965333333333
Fiji,1597.77,5.87,3.64,6.38,1.06,1.24,0.48,1.11,2.67,5.45,4.39,2.03,1.17,0.97,0.57,1.29,47.86,26.61,31.76,6187.04,563.67,298.28,2505.18,1343.69,593.1577333333332,858.5477333333333
Finland,2587.9205882352944,1.2676470588235293,12.606470588235295,8.798235294117646,2.4241176470588237,0.9941176470588234,2.1558823529411764,2.1041176470588234,2.5123529411764705,10.166470588235295,14.061764705882354,2.3000000000000003,1.0423529411764705,1.7458823529411764,1.6311764705882352,2.3305882352941176,123.69058823529413,22.327058823529413,39.37470588235294,6338.029411764706,743.7305882352941,605.445294117647,3747.3764705882354,2336.3305882352943,1221.9100196078432,1360.1953137254902
France,2429.985625,1.5225,14.9740625,9.764375,2.8234375,1.06,1.6565625,1.9124999999999999,3.2615625,11.2959375,18.483125,2.834375,1.7565625,1.1996875,1.7996874999999999,2.065625,166.0653125,30.5653125,36.9940625,9831.129375,748.86125,608.7021875,5250.796875,3838.740625,1345.4740354166668,1485.6330979166667
French Guiana,2107.49,1.6,12.64,9.35,1.58,1.37,1.26,2.11,5.55,13.17,17.91,4.57,3.86,2.11,2.63,1.77,196.17,69.37,42.1,1053.75,777.14,720.06,2687.05,2528.99,1597.7707999999998,1654.8508
Gabon,461.85,21.5,15.13,11.65,0.84,1.94,1.51,1.67,2.89,9.96,3.05,2.57,1.71,1.15,1.61,1.03,107.09,66.93,70.68,3614.46,863.45,471.22,13654.61,16064.24,997.8264666666666,1390.0564666666667
Gambia,75.27,5.25,1.21,5.24,0.73,1.21,0.27,0.86,1.97,3.02,4.57,1.67,0.94,0.32,0.81,0.85,41.94,92.74,16.94,362.9,120.97,17.56,4838.71,2419.35,333.6606,437.0706
Georgia,381.58666666666664,12.336666666666666,8.316666666666666,6.16,0.7999999999999999,1.6766666666666665,0.6066666666666667,2.0433333333333334,2.2033333333333336,5.183333333333334,8.053333333333333,1.1500000000000001,0.7166666666666667,1.2466666666666668,0.43,1.26,74.66000000000001,14.659999999999998,36.406666666666666,3314.013333333334,485.47333333333336,332.75333333333333,1293.2166666666667,772.0066666666667,680.2812,833.0012
Germany,2732.5163157894735,2.139824561403509,11.767719298245614,8.851578947368422,2.5280701754385966,1.035438596491228,1.9063157894736842,2.024385964912281,2.6249122807017544,7.892807017543859,15.146666666666667,2.573859649122807,1.5470175438596492,1.2540350877192983,2.2096491228070176,2.2550877192982455,258.02456140350876,35.32140350877193,35.22140350877193,11922.132280701755,751.2728070175439,582.0059649122807,5225.96754385965,3888.323684210526,1269.286481871345,1438.5533239766082
Ghana,312.02,19.415,2.145,4.46,0.43,1.19,0.745,1.38,1.025,2.335,2.2350000000000003,1.51,1.405,0.6699999999999999,0.5349999999999999,0.5800000000000001,20.52,34.015,19.255,3046.825,360.105,60.485,635.31,9650.895,250.02710000000002,549.6470999999999
Gibraltar,3385.92,4.22,17.84,8.61,1.55,1.71,1.83,2.87,2.75,9.26,11.07,4.88,1.68,1.64,2.46,1.33,108.5,46.48,69.67,11480.0,1728.41,1402.54,8161.05,6200.6,2083.4980666666665,2409.368066666667
Greece,850.1447368421053,4.4468421052631575,11.840526315789473,7.017368421052632,1.7773684210526317,1.381578947368421,1.0621052631578947,2.113157894736842,3.5489473684210524,7.622631578947369,10.32842105263158,1.7552631578947369,1.0194736842105263,0.9557894736842105,1.0694736842105264,2.2226315789473685,222.04631578947368,33.92842105263158,41.097368421052636,7235.107894736841,453.43315789473684,370.2957894736842,2699.256315789474,2142.1694736842105,910.4397754385965,993.5771438596491
Guatemala,598.9333333333333,7.823333333333333,5.093333333333334,5.73,0.9666666666666668,1.5766666666666669,1.8566666666666667,1.4533333333333334,1.8800000000000001,5.876666666666666,8.48,3.1300000000000003,1.63,0.7933333333333333,0.64,0.9233333333333333,72.50333333333333,46.81,40.5,5158.06,381.77,382.1233333333333,1145.88,551.7666666666667,791.6406444444443,791.2873111111111
Guyana,410.92,8.62,5.49,7.16,1.16,3.41,1.48,1.61,2.84,5.55,6.5,5.11,1.34,1.43,2.39,1.02,80.1,60.15,29.24,1388.44,323.57,201.4,3469.12,1139.08,711.1384,833.3084
Honduras,529.7025,12.685,4.875,6.609999999999999,0.95,1.125,1.65,1.5,2.1174999999999997,4.16,8.7975,3.2625,1.3675,0.795,1.59,1.125,119.3175,79.47999999999999,37.6375,3898.87,388.2025,269.81,961.9449999999999,809.895,759.1095,877.5020000000001
Hong Kong,2994.43,2.53,7.7,5.52,1.18,3.11,2.28,2.05,3.41,9.35,22.82,4.51,2.61,1.57,1.22,2.77,199.78,22.84,72.41,18698.59,2294.53,1649.35,31427.61,20906.86,2440.325733333333,3085.5057333333334
Hungary,741.6917647058824,6.106470588235294,5.997058823529412,4.889411764705883,1.0058823529411764,0.7194117647058824,0.9305882352941177,1.1429411764705881,1.8076470588235294,3.978823529411765,9.666470588235295,1.2264705882352942,0.8588235294117647,0.8917647058823529,0.8658823529411765,1.2311764705882353,129.14294117647057,11.431176470588234,33.08176470588235,4274.694117647059,313.6770588235294,244.70470588235298,1717.3276470588235,1374.129411764706,619.8172705882354,688.7896235294118
Iceland,2828.3940000000002,5.26,15.863999999999999,11.394,2.094,1.314,3.2560000000000002,3.116,4.964,15.018,21.472,2.216,2.044,2.18,1.8239999999999998,1.968,102.90799999999999,63.455999999999996,58.666,2875.9739999999997,1194.7800000000002,959.4100000000001,3801.504,2880.25,1848.6995466666667,2084.0695466666666
India,449.79618421052635,8.702236842105263,2.5030263157894734,3.8944736842105265,0.40578947368421053,0.6627631578947368,0.4526315789473684,0.6736842105263158,0.9264473684210526,3.1593421052631583,5.479736842105263,1.8652631578947367,0.36052631578947364,0.508421052631579,0.22605263157894737,1.2711842105263158,32.94671052631579,8.561184210526315,19.742894736842107,1439.9463157894736,137.27552631578948,92.07986842105262,1185.0469736842106,639.4069736842106,296.1420526315789,341.3377105263158
Indonesia,309.8721428571429,9.165000000000001,1.6985714285714286,3.1042857142857145,0.5528571428571428,1.202142857142857,1.0592857142857144,0.8049999999999999,1.4485714285714286,3.0500000000000003,7.611428571428571,2.3264285714285715,1.135,0.7957142857142857,0.4064285714285715,0.7764285714285715,56.81142857142857,30.451428571428572,27.585,6453.877142857143,225.51785714285714,146.69428571428574,1569.5057142857145,766.3928571428571,437.5718142857143,516.3953857142857
Iran,421.66736842105263,19.995789473684212,4.237368421052632,4.523684210526316,0.8473684210526317,1.0647368421052632,0.6905263157894738,3.6747368421052626,1.5226315789473683,4.581052631578947,13.364210526315789,1.2994736842105263,0.7352631578947367,0.7668421052631579,0.31105263157894736,0.5063157894736842,31.831578947368417,22.269473684210528,27.1878947368421,1115.746842105263,1025.4542105263158,722.8557894736844,2380.254736842105,1298.1836842105263,1116.353557894737,1418.9519789473684
Iraq,659.79625,10.595,4.45875,6.3412500000000005,0.42125,1.09625,0.78625,1.31,1.66125,4.10375,9.82375,0.945,0.575,0.655,1.835,0.4275,84.80125,40.83625,28.9025,1376.1475,280.89875,187.3225,1370.9025,612.79875,635.8353583333333,729.4116083333333
Ireland,2650.367142857143,3.4899999999999998,16.92142857142857,9.222857142857142,1.8785714285714286,1.292857142857143,1.7985714285714285,1.4885714285714287,2.934285714285714,8.802857142857144,10.594285714285714,2.597142857142857,1.7100000000000002,1.1042857142857143,1.317142857142857,2.0114285714285716,201.24571428571429,55.800000000000004,44.857142857142854,8295.608571428571,1329.9428571428573,1172.327142857143,4216.71,3065.2000000000003,1767.9999333333333,1925.6156476190476
Isle Of Man,4608.5,2.54,22.14,8.35,1.91,1.27,1.34,1.73,2.91,6.98,8.3,2.41,1.09,0.87,1.48,1.78,135.51,50.02,37.51,17527.5,1060.88,896.14,2070.5,1927.0,1410.5252,1575.2652000000003
Israel,2607.8555,3.5025,18.549500000000002,15.386,2.7615000000000003,1.762,2.2990000000000004,2.6875,3.8259999999999996,10.4705,19.607499999999998,3.1025,1.319,1.6620000000000001,1.234,2.027,234.4245,27.651999999999997,71.748,9683.323999999999,996.006,859.918,7180.142999999999,6138.8295,1638.88172,1774.9697199999998
Italy,1554.6037096774191,1.8843548387096773,15.164032258064516,8.675806451612903,2.4066129032258066,1.2416129032258065,1.7841935483870968,2.0493548387096774,2.924516129032258,9.210645161290321,15.997096774193547,1.9132258064516128,1.382258064516129,1.2033870967741935,1.5864516129032258,2.1553225806451612,190.74887096774194,29.69725806451613,48.62241935483871,8676.493870967743,611.9912903225807,475.6177419354839,3241.707580645161,1978.2535483870968,1147.9067892473117,1284.2803376344086
Ivory Coast,131.96,10.93,3.21,8.84,0.76,1.75,0.56,1.1,2.03,8.33,6.0,2.68,1.04,0.56,1.61,1.09,131.53,55.88,57.03,2710.84,568.94,227.99,1579.65,1499.33,736.9941333333333,1077.9441333333334
Jamaica,599.9733333333334,6.276666666666666,4.333333333333333,5.633333333333333,0.84,2.43,2.5066666666666664,1.1866666666666668,2.0066666666666664,2.7899999999999996,3.736666666666667,3.573333333333333,1.9733333333333334,1.29,1.406666666666667,1.2466666666666668,87.84666666666665,35.203333333333326,41.26333333333333,4585.233333333334,471.47,344.0033333333334,1697.2733333333333,5582.193333333333,682.206088888889,809.6727555555557
Japan,2414.263529411765,1.4488235294117646,6.5188235294117645,5.258823529411765,1.0788235294117647,1.4023529411764706,1.666470588235294,4.348823529411765,1.7135294117647057,6.905294117647059,18.765882352941176,5.732352941176471,3.316470588235294,1.391764705882353,2.677647058823529,1.2058823529411764,161.7135294117647,36.25588235294118,62.8164705882353,12796.898235294118,633.0176470588235,413.90529411764703,7715.4447058823525,4519.435294117647,1181.3820039215686,1400.494356862745
Jersey,2893.88,2.76,27.68,8.61,2.28,1.6,2.08,3.64,4.57,9.05,13.1,4.08,2.38,1.27,3.76,1.79,224.76,58.96,75.03,18269.6,1665.23,1624.63,8408.28,9537.22,2487.8944,2528.4944
Jordan,607.4266666666666,7.736666666666667,4.58,6.813333333333333,0.5233333333333333,1.4133333333333333,0.49333333333333335,1.5433333333333332,1.9033333333333333,5.173333333333333,10.58,1.86,0.9,0.49666666666666665,0.65,1.2566666666666666,76.19,33.166666666666664,47.89666666666667,3365.2599999999998,258.2633333333333,190.02666666666664,838.87,574.9566666666666,610.9881333333333,679.2248
Kazakhstan,406.8183333333333,14.37,4.871666666666667,4.569999999999999,0.6333333333333334,0.8666666666666667,0.3333333333333333,0.8216666666666667,1.2166666666666666,3.69,5.8,1.0266666666666666,0.4366666666666667,0.6283333333333333,0.4266666666666667,0.425,45.98833333333334,10.693333333333333,35.79,7025.7,292.85833333333335,197.52166666666668,877.745,640.6233333333333,452.5494444444444,547.8861111111111
Kenya,401.015,12.93,3.77,4.995,0.53,0.705,0.46499999999999997,1.21,1.365,6.404999999999999,4.245,1.945,0.795,0.56,0.9650000000000001,1.0899999999999999,22.244999999999997,37.91,42.18,6323.889999999999,254.32,120.14,1930.795,999.5699999999999,454.1447,588.3247
Kosovo (Disputed Territory),364.9075,5.595,3.95,3.6875,1.025,1.0925,0.5225,1.23,1.5425,3.9250000000000003,8.085,1.0075,0.6775,0.595,0.7225,1.5,84.96000000000001,17.075000000000003,20.25,1919.7925,266.995,202.77,1305.0225,701.4975,521.94005,586.16505
Kuwait,1940.76,5.67,6.52,6.52,0.47,1.34,0.76,1.91,1.79,5.03,10.2,2.2,1.06,1.28,3.26,0.35,43.98,29.68,124.6,6754.01,929.33,653.31,7057.23,3095.07,1289.6148,1565.6348000000003
Kyrgyzstan,267.61,15.88,5.33,3.85,0.55,0.7,0.37,1.2,1.53,4.52,6.16,0.9,0.49,0.34,0.2,0.75,34.36,13.46,38.89,9058.61,340.69,210.16,915.0,776.65,474.14993333333337,604.6799333333333
Laos,312.04,10.12,3.0,5.0,1.07,3.07,1.93,1.46,2.08,4.32,11.46,4.73,2.48,1.74,1.49,1.31,95.0,102.02,34.22,4490.81,509.69,274.31,2493.1,495.4,827.1180666666669,1062.4980666666668
Latvia,925.1616666666667,2.4266666666666667,8.121666666666666,6.158333333333332,1.1400000000000001,1.0883333333333334,1.0466666666666666,2.2433333333333336,2.1783333333333332,6.315,8.616666666666667,1.075,0.7133333333333334,1.1849999999999998,0.6699999999999999,1.8133333333333332,260.47499999999997,17.381666666666664,33.32333333333333,14057.546666666667,317.13166666666666,240.03333333333333,1347.9133333333332,915.8133333333332,685.4610666666667,762.5594
Lebanon,370.25,9.91,10.0,6.1,2.99,6.81,1.51,2.71,1.88,6.71,68.01,3.42,1.53,0.88,1.2,1.31,278.36,65.01,51.62,5222.22,718.75,423.05,3928.57,1476.22,1920.4904666666666,2216.190466666667
Liberia,2592.0,5.0,12.5,10.0,1.5,1.4,1.43,4.71,5.33,9.87,41.52,22.74,15.87,9.25,0.47,1.04,216.1,49.87,66.5,1227.33,1312.5,158.33,5000.0,2500.0,1291.7507333333333,2445.9207333333334
Libya,298.35,15.5,6.17,4.12,0.54,0.92,0.36,1.09,1.46,4.03,8.33,1.83,0.62,0.51,0.62,0.03,18.26,23.1,28.81,1157.41,250.16,151.83,1319.36,460.78,464.61546666666675,562.9454666666667
Liechtenstein,7241.72,7.12,26.71,14.96,4.63,1.75,3.64,2.14,7.45,10.35,24.57,2.74,2.02,2.07,1.1,1.76,194.84,54.13,74.79,13077.83,1522.05,1238.91,6228.0,3472.46,2120.851866666667,2403.9918666666667
Lithuania,1027.467142857143,2.3714285714285714,8.168571428571429,6.171428571428572,1.4857142857142858,1.1842857142857142,1.167142857142857,1.8699999999999999,1.9685714285714286,5.372857142857143,8.885714285714286,1.1585714285714286,0.5628571428571428,1.3585714285714285,0.71,1.7714285714285716,165.56571428571428,11.858571428571429,34.5,5541.96,442.40000000000003,291.2242857142857,2225.2057142857143,1464.0085714285713,690.6940857142856,841.8698
Luxembourg,4272.11,2.03,21.07,10.54,3.14,1.31,3.29,2.34,3.7,12.14,18.44,2.74,1.58,1.53,3.16,1.73,301.9,56.49,49.66,16759.7,1766.92,1535.83,13245.18,9807.66,2462.767533333333,2693.8575333333333
Madagascar,142.04,17.5,4.12,6.87,0.84,0.98,1.12,0.66,1.9,5.73,4.73,2.0,0.53,0.22,1.15,1.03,44.9,58.79,54.41,5024.82,431.46,200.46,916.38,458.19,585.3642666666667,816.3642666666667
Malawi,292.11,20.0,3.41,4.87,0.68,0.84,0.53,0.8,1.58,2.34,3.38,2.57,1.78,0.57,0.39,1.03,53.55,111.98,36.03,6264.2,350.54,163.1,10507.21,584.23,468.12339999999995,655.5634
Malaysia,755.7308333333334,4.155,2.4324999999999997,3.609166666666667,0.635,1.585,0.86,1.05,1.4308333333333332,4.115833333333334,7.413333333333333,2.158333333333333,0.7783333333333333,0.8941666666666667,0.5816666666666667,0.47083333333333327,44.91583333333333,27.08,38.37583333333333,5835.5425,315.2925,207.36083333333332,1691.9358333333332,969.6475,529.5545777777778,637.4862444444444
Maldives,800.51,13.56,5.56,9.0,0.96,1.74,1.6,0.86,1.53,3.97,8.09,3.4,1.11,6.0,1.64,0.89,159.57,103.19,75.29,3142.39,860.88,581.92,2417.53,2302.24,1134.2759999999998,1413.2359999999999
Malta,1398.6983333333335,4.213333333333334,15.235833333333332,8.668333333333333,1.9891666666666667,1.0866666666666667,1.2233333333333334,2.4483333333333333,2.606666666666667,7.576666666666667,14.5725,2.796666666666667,2.1666666666666665,1.7008333333333334,1.9716666666666667,1.4708333333333332,106.82416666666667,38.0675,63.119166666666665,8175.305833333333,892.7716666666666,740.5658333333334,3878.3675,3064.6425,1387.2914222222223,1539.4972555555557
Mauritania,517.4,13.0,5.58,6.95,3.44,1.38,0.42,1.28,2.39,6.36,6.57,2.04,0.73,0.62,0.41,1.09,101.31,90.4,43.7,9105.94,280.67,150.23,362.93,226.57,577.9916,708.4316
Mauritius,532.65,5.67,5.15,3.67,1.04,1.17,0.42,1.79,1.92,6.93,9.13,2.2,0.9,0.8,2.29,1.31,46.01,29.21,27.49,2565.86,229.1,190.91,412.37,566.37,681.8362666666666,720.0262666666666
Mexico,682.0570212765957,11.083829787234043,7.1657446808510645,5.95468085106383,0.9527659574468086,1.171063829787234,1.8629787234042554,1.4248936170212765,1.8765957446808512,5.8846808510638295,10.054893617021277,2.473617021276596,1.3997872340425532,0.945531914893617,0.9665957446808511,1.1040425531914895,58.58297872340426,27.321914893617024,33.956382978723404,3941.145319148936,377.71489361702123,266.5382978723404,1184.8597872340426,843.3940425531914,685.7195489361702,796.896144680851
Moldova,329.68,8.58,3.0766666666666667,3.5033333333333334,0.62,0.8166666666666668,0.37666666666666665,0.9933333333333333,1.5533333333333335,3.6533333333333338,5.1466666666666665,0.71,0.54,0.8799999999999999,0.24666666666666667,1.2533333333333332,95.53333333333335,8.933333333333334,17.956666666666667,3486.463333333333,171.6966666666667,116.25999999999999,689.4033333333333,475.39000000000004,346.6755777777778,402.11224444444446
Monaco,5589.37,1.88,26.34,9.48,4.95,1.84,3.95,3.34,3.13,10.54,15.81,1.76,1.58,1.4,1.79,1.93,184.18,57.6,553.22,16859.92,5490.31,3512.48,82192.13,57253.49,4768.6123333333335,6746.442333333334
Mongolia,231.14499999999998,7.165,3.5200000000000005,4.4,0.635,1.01,0.55,1.07,1.68,3.61,4.92,2.38,0.44,0.98,0.365,0.79,52.47,11.55,43.475,8414.14,200.405,127.49,1016.8199999999999,669.585,382.706,455.621
Montenegro,606.9,6.188000000000001,7.2700000000000005,4.426,1.834,0.9460000000000001,0.672,1.3459999999999999,2.104,4.954,7.052,0.8800000000000001,0.6519999999999999,0.77,0.968,1.564,104.876,25.792,32.164,7928.3820000000005,426.95199999999994,314.946,1990.408,1482.854,681.4688266666667,793.4748266666668
Morocco,363.916875,4.61125,2.575,5.02375,0.515625,0.654375,0.498125,1.154375,1.176875,4.4075,7.2631250000000005,1.048125,0.454375,0.335,0.62125,1.1775,35.89125,31.875625,23.049375,3166.62375,240.055,139.3325,1237.885,710.9575,441.88678749999997,542.6092875
Mozambique,261.03,24.75,16.44,4.31,1.04,1.51,1.18,1.21,1.9,5.25,5.73,1.85,0.89,0.9,3.92,1.16,77.9,123.73,59.25,4429.85,989.04,248.86,3248.65,1931.61,907.5410666666667,1647.7210666666665
Namibia,682.5350000000001,11.14,9.434999999999999,5.075,0.645,1.17,0.73,1.6,1.9100000000000001,4.83,6.795,1.955,1.0050000000000001,1.65,0.84,1.19,80.525,55.46,36.81,3308.37,398.44,317.125,714.6949999999999,500.28499999999997,704.0170666666667,785.3320666666666
Nepal,253.38666666666666,10.756666666666666,2.4,5.96,0.4266666666666667,0.7266666666666667,0.5399999999999999,0.6533333333333333,1.47,2.91,4.2700000000000005,2.1766666666666663,0.51,0.22999999999999998,0.7066666666666667,0.9899999999999999,24.903333333333336,15.353333333333333,29.463333333333335,1526.2933333333333,114.02333333333333,73.72666666666667,2025.3500000000001,1243.8066666666666,302.4736444444444,342.7703111111111
Netherlands,3142.9126086956526,2.5095652173913043,16.436521739130434,9.806521739130433,2.7686956521739132,1.072608695652174,1.9260869565217391,2.0617391304347827,2.0630434782608695,8.652608695652173,26.67304347826087,2.6934782608695653,1.1195652173913044,0.8282608695652174,2.3782608695652177,2.228695652173913,216.62478260869565,43.289565217391306,32.1504347826087,7126.676956521739,1181.1173913043478,963.1721739130435,4809.452608695652,3639.580869565217,1838.672956521739,2056.6181739130434
New Caledonia,2501.94,2.57,17.66,10.6,2.49,0.99,1.96,1.61,5.55,15.67,22.08,3.68,3.42,3.2,1.09,1.22,211.78,59.61,50.33,7505.83,809.45,626.96,4106.13,4223.87,1512.7341333333334,1695.2241333333334
New Zealand,2988.5872727272726,3.9045454545454548,13.639999999999999,8.598181818181818,2.213636363636364,1.9181818181818182,1.8509090909090908,2.04,4.211818181818182,8.634545454545455,13.07909090909091,2.5263636363636364,2.274545454545455,2.5245454545454544,1.9018181818181816,1.8263636363636364,133.97727272727272,53.61727272727273,37.43363636363636,9102.17090909091,874.7818181818183,680.3590909090909,3947.0545454545454,3112.33,1324.544981818182,1518.967709090909
Nicaragua,358.51,12.12,5.0,5.5,0.76,1.0,1.46,1.09,1.92,5.06,6.29,4.81,1.49,0.75,1.06,1.25,68.97,58.25,31.03,4516.5,235.71,181.25,905.56,737.02,570.4028000000001,624.8628000000001
Niger,211.51,11.0,4.02,9.64,1.53,2.45,0.54,0.92,2.22,9.78,4.55,3.48,1.07,0.6,0.48,0.9,374.83,12.05,40.16,4819.27,540.78,359.06,240963.67,80321.22,828.7805333333333,1010.5005333333334
Nigeria,182.778,15.634,2.206,5.582,0.384,2.786,1.228,2.5300000000000002,1.6940000000000002,4.442,4.828,3.722,2.724,1.004,1.058,0.388,23.514,46.162,30.404000000000003,2798.944,1109.8319999999999,606.702,4016.832,2948.884,950.9382400000001,1454.06824
North Macedonia,398.17923076923074,4.662307692307692,4.0807692307692305,3.4061538461538463,1.1153846153846154,0.9461538461538462,0.5338461538461539,1.06,1.6353846153846152,4.25076923076923,7.477692307692308,0.6507692307692307,0.5592307692307693,0.43846153846153846,0.48923076923076925,1.2207692307692306,106.54076923076923,15.594615384615384,18.26076923076923,1757.6446153846155,182.65692307692308,130.14076923076922,937.0692307692308,727.2161538461538,432.26891282051287,484.7850666666667
Norway,3418.226923076923,2.858461538461538,17.934615384615384,12.563846153846155,3.3246153846153845,1.959230769230769,2.7430769230769227,3.003076923076923,3.803076923076923,13.110000000000001,30.28846153846154,2.7992307692307694,2.1169230769230767,2.5323076923076924,1.7676923076923077,2.1446153846153844,198.89384615384614,57.534615384615385,43.05615384615385,5449.2269230769225,960.146923076923,774.2146153846153,5145.7292307692305,3740.8230769230768,1776.1081641025642,1962.0404717948718
Oman,1907.43,5.0,5.19,6.49,0.9,1.7,1.14,2.04,2.75,5.59,9.48,2.48,1.08,1.25,0.78,0.63,89.02,77.24,43.87,7733.1,651.71,454.54,1894.54,1168.83,929.2385333333334,1126.4085333333335
Pakistan,154.93,13.084,1.1775,3.4215000000000004,0.213,0.562,0.4205,0.767,0.9185000000000001,1.9939999999999998,3.2565,0.8550000000000001,0.277,0.264,0.192,0.7975000000000001,52.871500000000005,18.9835,10.85,794.222,76.5565,46.098,725.178,496.2865,200.89192333333332,231.3504233333333
Panama,804.44,5.95,8.0,6.5,1.66,1.58,2.17,1.96,2.13,7.2,8.13,2.98,1.87,2.26,1.75,1.07,98.85,46.98,39.36,11675.0,908.95,516.18,2200.0,1303.12,1021.5366,1414.3066000000001
Papua New Guinea,401.85,14.17,9.84,8.53,1.01,1.68,1.53,1.53,3.89,6.9,7.88,3.27,2.56,3.19,1.71,1.21,107.05,379.33,60.46,3911.81,2162.16,519.2,9246.09,20059.54,1379.6247333333336,3022.584733333333
Paraguay,354.73,10.25,4.16,4.85,0.9,0.83,0.72,1.0,1.78,3.55,6.17,1.64,0.88,0.47,1.39,1.17,53.69,24.37,27.11,2216.78,360.84,251.99,1286.16,705.52,580.6522666666667,689.5022666666666
Peru,343.28142857142853,9.41,2.7800000000000002,4.678571428571429,0.6257142857142857,1.197142857142857,1.3414285714285714,0.9700000000000001,1.7671428571428573,4.042857142857143,6.172857142857142,1.1914285714285715,0.7757142857142857,0.7257142857142858,1.3828571428571428,1.1642857142857144,50.685714285714276,33.19857142857143,30.467142857142854,4134.282857142857,303.33,202.55428571428573,1816.7585714285713,1273.8600000000001,549.1932666666667,649.9689809523809
Philippines,307.805625,7.3774999999999995,3.3362499999999997,3.0175,0.745,1.66375,1.143125,0.92125,1.776875,3.991875,6.496875,2.601875,1.6881249999999999,1.440625,0.325625,1.3018750000000001,98.496875,34.609375,35.75625,3901.219375,326.265625,199.866875,2032.72875,1093.21125,517.6720541666666,644.0708041666667
Poland,898.6579166666667,5.890416666666667,6.507083333333333,5.73,1.23,0.67625,0.8583333333333334,1.0158333333333334,2.3233333333333333,4.3999999999999995,8.830833333333333,0.82125,0.5829166666666666,0.83875,0.5737500000000001,1.4670833333333333,195.31166666666664,13.972499999999998,26.779583333333335,4385.738333333334,443.12833333333333,377.5133333333333,2640.12875,1946.3841666666667,747.9628055555555,813.5778055555556
Portugal,1028.6514814814816,2.134074074074074,8.604814814814814,6.741481481481482,1.4751851851851852,0.7018518518518518,1.2185185185185186,1.0855555555555556,2.1018518518518516,5.787407407407407,9.863703703703704,1.7322222222222223,1.0537037037037036,1.0514814814814815,0.7548148148148148,2.118888888888889,114.47666666666666,36.65555555555556,37.693703703703704,6796.866296296295,679.8807407407407,535.2522222222223,2513.60962962963,1800.7425925925927,963.9126666666666,1108.5411851851852
Puerto Rico,1643.7533333333333,4.666666666666667,10.393333333333333,7.16,1.2666666666666666,1.5966666666666667,2.5633333333333335,2.106666666666667,3.266666666666667,6.403333333333333,9.066666666666666,6.36,2.436666666666667,2.03,1.09,0.9333333333333332,204.14666666666668,56.70333333333334,36.943333333333335,4896.666666666667,575.0,400.0,1757.2633333333333,993.9833333333332,929.5496222222223,1104.5496222222223
Qatar,3342.4,3.94,8.24,6.87,1.09,2.0,1.64,1.85,2.77,6.85,11.26,1.96,1.07,1.49,0.55,0.57,121.51,90.49,110.32,10455.62,1835.36,1177.07,4995.19,4239.91,1776.7985333333334,2435.0885333333335
Romania,633.866,6.150666666666667,6.984333333333334,5.093666666666667,1.2546666666666666,1.197,0.871,1.2483333333333335,2.268333333333333,4.83,7.807333333333333,0.884,0.5856666666666667,0.6363333333333333,0.5660000000000001,1.7136666666666664,116.985,8.651666666666667,32.45066666666666,4572.398,277.5036666666667,205.175,1316.9796666666666,1026.5526666666667,546.0355133333334,618.36418
Russia,635.9280434782609,10.32913043478261,9.158478260869567,5.625217391304347,1.048478260869565,1.1528260869565217,0.6873913043478261,1.6180434782608695,1.6330434782608696,4.9576086956521745,9.363695652173913,1.7171739130434782,0.8528260869565216,1.225,0.30869565217391304,0.8043478260869565,115.61521739130436,8.093913043478262,38.288260869565214,6418.907391304348,399.5919565217391,266.7032608695652,2067.023695652174,1422.7613043478261,625.5727014492753,758.4613971014493
Rwanda,414.52,17.62,2.58,7.51,0.72,0.7,0.97,1.04,1.4,4.95,3.17,3.54,0.34,0.67,1.17,1.34,49.76,31.79,34.26,1640.66,435.74,306.65,2884.51,20741.44,612.9412666666667,742.0312666666666
San Marino,2623.83,3.55,15.81,6.85,1.955,1.15,1.4,1.16,2.42,6.845000000000001,14.3,1.58,1.185,0.79,2.11,1.4,68.7,31.26,73.75999999999999,5268.73,540.045,447.84,2809.985,2528.985,1067.6770000000001,1159.882
Saudi Arabia,2208.9355555555553,3.826666666666666,6.65,7.167777777777778,0.78,1.5044444444444443,0.7855555555555556,2.24,2.947777777777778,7.3100000000000005,11.063333333333334,1.9922222222222221,1.3911111111111112,1.478888888888889,1.7622222222222224,0.5844444444444444,111.3,74.34333333333333,119.1211111111111,5434.616666666667,433.93222222222226,348.5611111111111,1127.5633333333333,813.6077777777778,1012.2378444444445,1097.6089555555557
Senegal,441.77,8.75,8.03,8.03,1.1,1.91,0.56,1.02,2.06,9.68,8.23,2.03,1.08,0.84,2.41,1.34,103.26,48.8,66.67,4851.4,763.01,475.38,9016.38,11705.38,1082.9128,1370.5428
Serbia,516.3466666666667,3.705833333333333,5.315,5.031666666666666,1.2983333333333333,0.9416666666666668,0.505,1.5475,1.8791666666666667,4.875,7.658333333333334,0.7783333333333333,0.58,0.4391666666666667,0.63,1.5558333333333334,139.12333333333333,20.413333333333334,21.133333333333333,6569.608333333334,242.54999999999998,167.16,1469.945,1014.6974999999999,514.0828444444445,589.4728444444444
Singapore,4619.45,2.5,11.09,5.92,1.49,2.59,2.03,2.78,2.81,8.98,20.2,3.82,2.24,1.9,0.74,2.35,145.68,35.02,107.93,25404.69,2734.54,2015.75,20752.74,10392.94,2761.6534,3480.4434
Sint Maarten,2333.33,7.5,14.0,8.0,2.0,2.38,2.02,2.57,3.05,11.17,12.32,4.32,2.83,2.32,5.0,1.22,283.33,109.33,65.0,9500.0,1233.33,850.0,2516.67,1600.0,1846.2529333333332,2229.582933333333
Slovakia,997.231,1.9129999999999998,6.712999999999999,6.279,1.514,0.8009999999999999,1.018,1.33,2.286,5.756,10.847999999999999,1.474,0.9460000000000001,1.1099999999999999,1.124,1.634,193.347,19.203,36.301,7702.877,501.329,421.509,2247.397,1911.536,894.4574399999999,974.2774400000001
Slovenia,1203.0772727272727,3.02,8.909090909090908,6.053636363636364,2.0927272727272728,1.0427272727272727,1.2872727272727273,1.6572727272727272,2.53,8.159999999999998,10.486363636363636,1.6136363636363635,1.1454545454545455,1.3245454545454545,1.3027272727272727,1.479090909090909,217.2209090909091,33.47636363636364,43.02090909090909,6828.386363636364,431.7336363636363,352.4509090909091,2627.331818181818,2063.6827272727273,903.2972242424242,982.5799515151516
Somalia,406.67,7.75,2.0,5.5,0.68,1.58,0.91,1.17,1.98,4.25,5.14,3.7,1.0,0.88,0.6,0.91,68.33,26.0,23.75,773.33,200.0,78.29,67123.87,53428.11,369.2264666666667,490.93646666666666
South Africa,1318.6191666666666,8.838333333333333,8.385,4.166666666666667,0.9408333333333333,0.9866666666666667,0.8558333333333333,1.3416666666666668,1.8499999999999999,4.358333333333333,6.628333333333333,1.4283333333333335,1.0383333333333333,0.995,0.8441666666666666,1.2483333333333333,100.95083333333334,48.97,34.53,4562.659166666667,409.16499999999996,377.77666666666664,817.1525,716.4408333333334,747.6049944444444,778.9933277777778
South Korea,2142.3849999999998,3.661,6.148000000000001,4.938000000000001,1.333,2.216,2.891,3.347,2.661,8.719,24.101999999999997,6.008,2.913,1.834,0.774,1.34,119.43800000000002,21.526,46.358000000000004,22977.165,440.512,320.033,8419.666000000001,6187.606,1040.5192466666667,1160.9982466666665
Spain,1781.4646511627907,2.352558139534884,11.699069767441861,7.999302325581395,1.9237209302325582,0.886046511627907,1.091627906976744,1.3351162790697673,2.1439534883720928,6.4799999999999995,10.786279069767442,1.8769767441860463,1.3051162790697675,0.9906976744186047,1.1988372093023256,1.7258139534883719,127.8213953488372,36.483953488372094,40.30069767441861,7701.016279069768,671.9983720930232,555.9276744186046,2999.5972093023256,2068.9660465116276,1048.8803689922481,1164.9510666666667
Sri Lanka,161.69,17.04,1.2200000000000002,3.795,0.355,1.12,0.525,0.6100000000000001,1.495,3.6950000000000003,5.305,3.3549999999999995,0.915,0.8,0.33999999999999997,1.0,17.205,7.515,10.48,524.75,206.64,86.21000000000001,1523.965,995.02,295.9185,416.3485
Sudan,148.57,17.0,5.0,8.0,0.52,1.53,0.76,2.12,2.02,5.73,6.21,4.93,1.52,0.97,1.0,1.13,41.59,76.5,27.75,2334.96,520.0,233.6,1160.0,766.67,644.5761333333334,930.9761333333333
Suriname,234.55,14.29,4.86,6.15,0.92,1.18,1.19,1.37,2.11,3.41,9.25,3.67,1.03,2.33,3.0,0.84,92.78,37.5,13.68,500.0,394.71,249.44,767.07,457.74,744.7968666666667,890.0668666666667
Swaziland,779.37,11.0,1.03,2.34,0.8,1.32,0.59,1.28,1.26,4.46,4.95,1.5,0.8,0.4,2.87,1.26,92.19,54.35,27.56,3377.18,414.39,286.14,228.11,171.08,741.2502,869.5002
Sweden,2541.8185714285714,2.1228571428571428,10.855,8.299285714285714,1.9471428571428573,1.2157142857142857,2.2264285714285714,2.450714285714286,2.9042857142857144,8.909285714285714,16.265714285714285,2.5949999999999998,1.2892857142857144,2.0557142857142856,2.1092857142857144,1.9842857142857144,90.755,29.862142857142857,37.47428571428571,3292.39,766.6614285714286,594.7864285714286,4295.720714285714,2877.1407142857142,1253.5762809523808,1425.4512809523808
Switzerland,6068.581428571429,1.5292857142857144,26.252857142857145,16.067857142857143,4.347857142857143,1.727142857142857,3.310714285714286,2.9442857142857144,6.150714285714286,24.912142857142857,52.54071428571428,4.098571428571429,2.6664285714285714,2.5264285714285712,4.152142857142857,2.032857142857143,226.23857142857145,55.92071428571428,86.46285714285715,27071.140714285713,1629.8764285714285,1353.455,13465.544285714286,9148.331428571428,3082.1720714285716,3358.5935
Syria,54.76333333333333,12.170000000000002,3.6633333333333336,4.18,0.7833333333333333,0.8799999999999999,0.7966666666666665,1.46,1.7533333333333332,4.586666666666667,8.476666666666667,0.7633333333333333,0.5499999999999999,0.2733333333333334,1.2333333333333334,0.8866666666666667,17.23,50.223333333333336,16.566666666666666,2663.6566666666663,187.52,111.10666666666667,1210.0,889.69,483.54940000000005,559.9627333333334
Taiwan,1467.47,1.8175,3.63,4.745,0.9475,3.1725,1.95875,3.575,2.80625,7.71625,18.92,4.93375,2.82125,1.9925,0.68375,0.98,70.5175,24.32125,41.5325,11089.38375,409.72249999999997,293.28499999999997,5975.0575,3556.12375,900.3204083333334,1016.7579083333334
Tajikistan,147.89499999999998,15.8,3.97,4.96,0.41,0.72,0.41,1.58,1.415,3.9,6.84,1.15,0.44,0.42,0.3,0.94,31.26,22.17,29.84,4964.41,386.48,217.115,740.3,413.89,487.8778,657.2428
Tanzania,262.195,14.899999999999999,3.75,6.455,0.59,1.345,0.97,1.005,2.0,4.155,4.46,2.95,0.7949999999999999,0.815,1.5,1.1,94.16,50.84,42.095,5878.96,457.08500000000004,465.75,3448.255,3483.845,847.7852666666666,839.1202666666667
Thailand,507.47200000000004,4.343,2.1100000000000003,5.712,0.589,1.5619999999999998,1.6789999999999998,1.061,1.64,2.189,10.198,2.6399999999999997,1.2449999999999999,0.882,1.129,1.194,67.58099999999999,17.6,52.565,11203.456,313.796,219.939,2513.759,1419.501,602.3206200000001,696.17762
Togo,535.47,9.0,2.01,8.03,2.41,1.83,0.72,1.77,1.68,5.82,6.75,1.87,2.68,0.59,0.32,0.93,113.79,59.33,31.06,6451.4,259.04,98.39,1164.66,425.7,474.4056,635.0556
Trinidad And Tobago,839.08,5.345000000000001,10.84,7.005,0.96,2.03,2.16,2.245,3.6550000000000002,6.915,7.960000000000001,3.8850000000000002,1.435,1.495,1.1,0.875,74.97,48.71,45.085,3914.285,461.78999999999996,380.15999999999997,3571.7200000000003,2103.3450000000003,857.3148000000001,938.9448
Tunisia,281.8853846153846,10.845384615384615,1.919230769230769,3.0869230769230773,0.4523076923076923,0.3984615384615384,0.11692307692307692,0.7015384615384617,0.9676923076923077,3.474615384615385,8.004615384615384,1.1315384615384616,0.4523076923076923,0.2823076923076923,0.2630769230769231,0.666923076923077,36.76384615384615,18.279230769230768,22.503076923076925,2059.146153846154,147.3276923076923,112.30846153846154,941.5892307692308,609.8484615384615,370.56996923076923,405.5892
Turkey,319.7641176470588,20.128529411764706,2.8502941176470586,3.29,0.5579411764705882,0.7311764705882353,0.38794117647058823,1.1620588235294118,1.275294117647059,3.353823529411765,7.7029411764705875,0.6291176470588236,0.4473529411764706,0.5541176470588235,0.3991176470588235,1.2070588235294117,58.485,8.009705882352941,18.04470588235294,3270.166764705882,175.77382352941177,116.78735294117647,805.4652941176471,503.41382352941173,375.55606470588236,434.54253529411767
Turkmenistan,561.9,8.0,28.57,10.0,5.64,4.21,0.9,5.91,5.14,12.96,20.38,2.8,2.67,1.6,0.86,0.43,1066.67,339.29,85.71,35200.0,592.86,321.43,3278.57,2407.14,1782.2906666666668,2053.7206666666666
Uganda,162.31,19.68,1.74,8.57,0.48,0.77,1.1,1.15,1.63,4.53,4.35,2.93,1.03,1.05,0.54,1.4,52.24,57.43,59.16,5074.13,326.52,160.75,1264.36,4819.16,491.67533333333336,657.4453333333333
Ukraine,356.534,14.854000000000001,4.3351999999999995,3.4707999999999997,0.4672,0.8016,0.5212,1.1564,1.1252000000000002,3.2883999999999998,5.0796,0.4828,0.35839999999999994,0.7776000000000001,0.2784,1.0068000000000001,80.42439999999999,4.102,17.828,3653.9628000000002,227.6356,151.832,812.6868,555.2392,367.00746933333335,442.81106933333336
United Arab Emirates,3310.7520000000004,3.7880000000000003,7.678,7.298,1.03,1.8800000000000001,1.304,2.48,2.902,6.926,9.870000000000001,2.098,1.288,1.7280000000000002,0.924,1.002,168.466,97.47200000000001,64.15599999999999,6920.683999999999,2228.554,1560.868,2361.27,1818.6,2143.1640533333334,2810.850053333333
United Kingdom,2796.9178947368423,3.21,17.012894736842107,7.182236842105263,1.9001315789473683,1.1943421052631578,1.2218421052631578,1.7339473684210527,2.534736842105263,6.92157894736842,11.239868421052632,2.3725,1.3636842105263158,0.8910526315789473,1.5588157894736843,1.9227631578947368,228.5771052631579,38.449868421052635,41.77789473684211,16452.115657894738,1071.4765789473684,830.9503947368421,4792.226184210526,3582.868289473684,1409.3481421052632,1649.8743263157894
United States,4311.7965151515145,5.261111111111111,17.009646464646465,8.592323232323233,2.265050505050505,1.0315656565656566,3.2393939393939393,4.3122727272727275,3.2574747474747476,12.04459595959596,15.252323232323233,4.763737373737374,2.811868686868687,1.8391919191919193,1.661010101010101,1.2333333333333332,179.97868686868685,68.99343434343434,45.91919191919192,16731.161767676767,1668.665202020202,1364.7470707070706,4220.077525252525,2926.997828282828,2130.239218855219,2434.15735016835
Uruguay,731.0966666666667,8.896666666666667,12.793333333333335,8.953333333333333,1.5433333333333332,0.9633333333333334,2.013333333333333,1.1966666666666665,2.8866666666666667,9.44,9.32,2.11,1.6066666666666667,0.8966666666666668,1.49,1.8133333333333332,137.27666666666667,38.27333333333333,34.06,3915.26,398.8433333333333,303.6666666666667,2569.4266666666667,1999.3433333333332,840.5939555555556,935.7706222222223
Uzbekistan,258.858,17.98,4.086,2.988,0.512,0.82,0.376,1.1620000000000001,1.474,3.3340000000000005,7.031999999999999,1.042,0.542,0.354,0.21600000000000003,0.8800000000000001,44.058,16.438,25.666000000000004,3445.4399999999996,217.07,149.54000000000002,701.546,388.298,402.30568,469.83567999999997
Venezuela,171.28,31.05,8.75,8.72,1.09,1.5375,2.02,1.1575,1.83,5.0075,5.11,3.835,1.165,0.8825000000000001,1.965,0.5025,12.434999999999999,40.6775,46.0975,8085.0,264.32,197.22,909.5875000000001,684.0875000000001,605.5861,672.6861
Vietnam,511.755,11.1975,1.9375,4.60125,0.45625,1.385,0.8887499999999999,0.89375,1.3925,3.15625,9.85875,2.4425,1.18125,0.7425,0.57125,0.975,60.08,9.8825,21.81375,9595.65375,359.5675,210.9725,1865.465,1048.4175,523.9173916666667,672.5123916666666
Yemen,599.5,12.5,5.99,9.0,1.05,2.01,1.2,3.65,3.13,8.79,22.82,4.99,1.67,0.53,3.99,1.79,47.04,36.93,85.55,2282.22,204.77,115.59,2786.35,1015.36,1040.4979999999998,1129.6779999999999
Zimbabwe,272.22,15.0,7.0,6.0,0.72,1.61,1.0,1.51,1.81,4.91,4.73,2.9,1.65,0.76,2.0,1.5,60.67,118.75,35.0,7087.5,296.43,296.0,1344.1,1500.0,780.1553333333334,780.5853333333334
